date,consumer_sentiment
2024-01-01,79.0
2024-02-01,76.9
2024-03-01,79.4
2024-04-01,77.2
2024-05-01,69.1
2024-06-01,68.2
2024-07-01,66.4
2024-08-01,67.9
2024-09-01,70.1
2024-10-01,70.5
2024-11-01,71.8
2024-12-01,74.0
2025-01-01,71.7
2025-02-01,64.7
2025-03-01,57.0
2025-04-01,52.2
2025-05-01,52.2
2025-06-01,60.7
2025-07-01,61.7
2025-08-01,58.2
2025-09-01,55.1
2025-10-01,53.6
2025-11-01,51.0
2025-12-01,52.9
2026-01-01,56.4
2026-02-01,56.6
